<!DOCTYPE struts PUBLIC
"-//Apache Software Foundation//DTD Struts Configuration 2.0//EN"
"http://struts.apache.org/dtds/struts-2.0.dtd">

<struts>
    <!-- Configuration for the default package. -->
    <package name="default" extends="struts-default">
        <action name="">
            <result type="chain">
                <param name="actionName">inicio</param>
            </result>
        </action>
    </package>
    
    <package name="top_menu" extends="struts-default">
        <action name="inicio" class="acciones.menu_top" method="inicio">
            <result name="success">index.jsp</result>
        </action>
        <action name="temas" class="acciones.menu_top" method="temas">
            <result name="success">categorias.jsp</result>
        </action>
        <action name="publicaciones" class="acciones.menu_top" method="publicaciones">
            <result name="success">publicacionesNoLogeado.jsp</result>
        </action>
        <action name="registro" class="acciones.menu_top" method="registro">
            <result name="success">registro.jsp</result>
        </action>
        <action name="perfil" class="acciones.menu_top" method="perfil">
            <result name="success">perfil.jsp</result>
        </action>
    </package>
    
    <package name="gestionPublicacion" extends="struts-default">
        <action name="removePublicacion" class="acciones.MostrarPublicaciones" method="removePublicacion">
            <result name="success" type="chain">
                <param name="actionName">publicacionesAdministrador</param>
            </result>
        </action>
        <action name="borrarMiPublicacion" class="acciones.MostrarPublicaciones" method="removePublicacion">
            <result name="success" type="chain">
                <param name="actionName">misPublicaciones</param>
            </result>
        </action>
        <action name="addPublicacion" class="acciones.GestionPublicacion" method="addPublicacion">
            <result name="success" type="chain">
                <param name="actionName">misPublicaciones</param>
            </result>
            <result name="input">misPublicaciones.jsp</result>
        </action>
        <action name="verPublicacion" class="acciones.PublicacionAction" method="verPublicacion">
            <result name="success">publicacion.jsp</result>
        </action>
        <action name="unFollowPublicacion" class="acciones.GestionVotoSuscripcion" method="unFollowPublicacion">
            <result name="success" type="chain">
                <param name="actionName">home</param>
            </result>
        </action>
        <action name="unFollowPublicacionAjena" class="acciones.GestionVotoSuscripcion" method="unFollowPublicacion">
            <result name="success" type="chain">
                <param name="actionName">getPublicacionesByTema</param>
            </result>
        </action>
        <action name="followPublicacion" class="acciones.GestionVotoSuscripcion" method="followPublicacion">
            <result name="success" type="chain">
                <param name="actionName">getPublicacionesByTema</param>
            </result>
        </action>
        <action name="votoPositivoPublicacion" class="acciones.GestionVotoSuscripcion" method="votoPositivoPublicacion">
            <result name="success" type="chain">
                <param name="actionName">home</param>
            </result>
        </action>
        <action name="votoPositivoPublicacionAjena" class="acciones.GestionVotoSuscripcion" method="votoPositivoPublicacion">
            <result name="success" type="chain">
                <param name="actionName">getPublicacionesByTema</param>
            </result>
        </action>
        <action name="votoNegativoPublicacion" class="acciones.GestionVotoSuscripcion" method="votoNegativoPublicacion">
            <result name="success" type="chain">
                <param name="actionName">home</param>
            </result>
        </action>
        <action name="votoNegativoPublicacionAjena" class="acciones.GestionVotoSuscripcion" method="votoNegativoPublicacion">
            <result name="success" type="chain">
                <param name="actionName">getPublicacionesByTema</param>
            </result>
        </action>
        <action name="filtroPubli" class="acciones.GestionPublicacion" method="filtroPubli">
            <result name="success">/vistas/admin/publicacionesAdmin.jsp</result>
        </action>
        <action name="filtroPubli" class="acciones.MostrarPublicaciones" method="filtroPubli">
            <result name="success">/vistas/admin/publicacionesAdmin.jsp</result>
        </action>
        <action name="filtroMisPublicaciones" class="acciones.MostrarPublicaciones" method="filtroMisPublicaciones">
            <result name="success">misPublicaciones.jsp</result>
        </action>
        <action name="filtroPublicacionesSuscrito" class="acciones.MostrarPublicaciones" method="filtroPublicacionesSuscrito">
            <result name="success">home.jsp</result>
        </action>
        <action name="getPublicacionesByTema" class="acciones.MostrarPublicaciones" method="publicacionesByTema">
            <result name="success">publicaciones.jsp</result>
        </action>
       <action name="getPublicacionesByTemaAdmin" class="acciones.MostrarPublicaciones" method="publicacionesByTemaAdmin">
            <result name="success">/vistas/admin/publicacionesAdmin.jsp</result>
        </action>
        <action name="filtrarPublicacionesTemas" class="acciones.MostrarPublicaciones" method="filtrarPublicacionesTemas">
            <result name="success">publicaciones.jsp</result>
        </action>
        <action name="filtrarPublicacionesNoLogeado" class="acciones.menu_top" method="filtroPubli">
            <result name="success">publicacionesNoLogeado.jsp</result>
        </action>
    </package>
    
    <package name="top_menu_logueado" extends="struts-default">
        <action name="chats" class="acciones.menu_top_logueado" method="chats">
            <result name="success">chats.jsp</result>
        </action>
        <action name="temasLogado" class="acciones.menu_top" method="temas">
            <result name="success">temas.jsp</result>
        </action>
        <action name="misPublicaciones" class="acciones.menu_top_logueado" method="misPubicaciones">
            <result name="success">misPublicaciones.jsp</result>
        </action> 
        <action name="perfil" class="acciones.MostrarUsuarios" method="perfil">
            <result name="success">perfil.jsp</result>
        </action> 
        <action name="home" class="acciones.menu_top_logueado" method="home">
            <result name="success">home.jsp</result>
        </action> 
    </package>
    
    <package name="gestionChats" extends="struts-default">
        <action name="chatsLogueado" class="acciones.ChatAction" method="crearChat">
            <result name="success" type="chain">
                <param name="actionName">chats</param>
            </result>
            <result name="input">chats.jsp</result>
        </action>
        <action name="borrarChat" class="acciones.ChatAction" method="borrarChat">
            <result name="success" type="chain">
                <param name="actionName">chats</param>
            </result>
        </action>
        <action name="editarChat" class="acciones.ChatAction" method="editarChat">
            <result name="success" type="chain">
                <param name="actionName">chats</param>
            </result>
        </action>
    </package>
    
    <package name="gestionComentarios" extends="struts-default">
        <action name="votoPositivoComentario" class="acciones.ComentarioAction" method="votoPositivo">
            <result name="success" type="chain">
                <param name="actionName">verPublicacion</param>
            </result>
        </action>
        <action name="votoNegativoComentario" class="acciones.ComentarioAction" method="votoNegativo">
            <result name="success" type="chain">
                <param name="actionName">verPublicacion</param>
            </result>
        </action>
        <action name="comentarPublicacion" class="acciones.ComentarioAction" method="comentarPublicacion">
            <result name="success" type="chain">
                <param name="actionName">verPublicacion</param>
            </result>
            <result name="input">publicacion.jsp</result>
        </action>
    </package>
    
    <package name="loginLogout" extends="struts-default">
        <action name="login" class="acciones.loginLogout" method="login">
            <result name="success" type="chain">
                <param name="actionName">usuarios</param>
            </result>
            <result name="input">index.jsp</result>
            <result name="login" type="chain">
                <param name="actionName">home</param>
            </result>
            <result name="error">index.jsp</result>
        </action>
        <action name="logout" class="acciones.loginLogout" method="logout">
            <result name="success" type="chain">
                <param name="actionName">inicio</param>
            </result>
        </action>
    </package>
    
    <package name="gestionUsuario" extends="struts-default">
        <action name="editUser" class="acciones.MostrarUsuarios" method="editUser">
            <result name="success">/vistas/admin/editarUsuarioAdmin.jsp</result>
        </action>
        <action name="editUserPersistenciaAdmin" class="acciones.GestionUsuario" method="editUserPersistencia">
            <result name="success" type="chain">
                <param name="actionName">usuarios</param>
            </result>
            <result name="input">/vistas/admin/editarUsuarioAdmin.jsp</result>
        </action>
        <action name="removeUser" class="acciones.MostrarUsuarios" method="removeUser">
            <result name="success" type="chain">
                <param name="actionName">usuarios</param>
            </result>
        </action>
        <action name="filtrarUser" class="acciones.MostrarUsuarios" method="filtrarUser">
            <result name="success">/vistas/admin/usuariosAdmin.jsp</result>
        </action>
        <action name="editUserPersistencia" class="acciones.GestionUsuario" method="editUserPersistencia">
            <result name="success" type="chain">
                <param name="actionName">home</param>
            </result>
            <result name="input">perfil.jsp</result>
        </action>
        <action name="removeMiCuenta" class="acciones.MostrarUsuarios" method="removeMiCuenta">
            <result name="success">index.jsp</result>
        </action>
        <action name="addUsuario" class="acciones.GestionUsuario" method="addUsuario">
            <result
                name="success" type="chain">
                <param name="actionName">home</param>
            </result>
            <result name="input">registro.jsp</result>
        </action>
    </package>
    
    <package name="gestionTematica" extends="struts-default">
        <action name="editTematica" class="acciones.MostrarTematicas" method="editTematica">
            <result name="success">/vistas/admin/editarTematica.jsp</result>
        </action>
        <action name="filtrarTema" class="acciones.MostrarTematicas" method="filtrarTema">
            <result name="success">/vistas/admin/tematicasAdmin.jsp</result>
        </action>
        <action name="editTemaPersistencia" class="acciones.GestionTematica" method="editTemaPersistencia">
            <result name="success" type="chain">
                <param name="actionName">tematicasAdministrador</param>
            </result>
            <result name="input">/vistas/admin/editarTematica.jsp</result> 
        </action>
        <action name="addTemaPersistencia" class="acciones.GestionTematica" method="addTemaPersistencia">
            <result name="success" type="chain">
                <param name="actionName">tematicasAdministrador</param>
            </result>
            <result name="error">/vistas/admin/tematicasAdmin.jsp</result>
            <result name="input">/vistas/admin/tematicasAdmin.jsp</result>
        </action>
        <action name="removeTematica" class="acciones.MostrarTematicas" method="removeTematica">
            <result name="success" type="chain">
                <param name="actionName">tematicasAdministrador</param>
            </result>
        </action>
    </package>
    
    <package name="top_menu_admin" extends="struts-default">
        <action name="usuarios" class="acciones.menu_top_admin" method="usuarios">
            <result name="success">/vistas/admin/usuariosAdmin.jsp</result>
        </action>
        <action name="tematicasAdministrador" class="acciones.menu_top_admin" method="tematicasAdmin">
            <result name="success">/vistas/admin/tematicasAdmin.jsp</result>
        </action>
        <action name="publicacionesAdministrador" class="acciones.menu_top_admin" method="publicacionesAdmin">
            <result name="success">/vistas/admin/publicacionesAdmin.jsp</result>
        </action>
    </package>
</struts>
